Email,Password,Quota,Name
jorge.santos@purple.mat,password,,Jorge Santos
sarah.smith@purple.mat,password,,Sarah Smith
michael.johnson@purple.mat,password,,Michael Johnson
emily.williams@purple.mat,password,,Emily Williams
david.brown@purple.mat,password,,David Brown
jennifer.miller@purple.mat,password,,Jennifer Miller
james.jones@purple.mat,password,,James Jones
mary.davis@purple.mat,password,,Mary Davis
robert.garcia@purple.mat,password,,Robert Garcia
linda.martinez@purple.mat,password,,Linda Martinez
william.jones@purple.mat,password,,William Jones
patricia.rodriguez@purple.mat,password,,Patricia Rodriguez
john.hernandez@purple.mat,password,,John Hernandez
elizabeth.wilson@purple.mat,password,,Elizabeth Wilson
michael.gonzalez@purple.mat,password,,Michael Gonzalez
jessica.anderson@purple.mat,password,,Jessica Anderson
daniel.thomas@purple.mat,password,,Daniel Thomas
maria.taylor@purple.mat,password,,Maria Taylor
christopher.moore@purple.mat,password,,Christopher Moore
laura.jackson@purple.mat,password,,Laura Jackson
joseph.lopez@purple.mat,password,,Joseph Lopez
julie.martin@purple.mat,password,,Julie Martin
roberto.clark@purple.mat,password,,Roberto Clark
sandra.baker@purple.mat,password,,Sandra Baker
anthony.james@purple.mat,password,,Anthony James
susan.mitchell@purple.mat,password,,Susan Mitchell
paul.sanchez@purple.mat,password,,Paul Sanchez
karen.hernandez@purple.mat,password,,Karen Hernandez
mark.wilson@purple.mat,password,,Mark Wilson
natalie.anderson@purple.mat,password,,Natalie Anderson
andrew.thomas@purple.mat,password,,Andrew Thomas
michelle.rodriguez@purple.mat,password,,Michelle Rodriguez
kevin.martinez@purple.mat,password,,Kevin Martinez
amanda.jones@purple.mat,password,,Amanda Jones
edward.davis@purple.mat,password,,Edward Davis
linda.martin@purple.mat,password,,Linda Martin
brian.taylor@purple.mat,password,,Brian Taylor
karen.moore@purple.mat,password,,Karen Moore
joseph.jackson@purple.mat,password,,Joseph Jackson
jessica.roberts@purple.mat,password,,Jessica Roberts
christopher.thompson@purple.mat,password,,Christopher Thompson
cynthia.smith@purple.mat,password,,Cynthia Smith
james.morris@purple.mat,password,,James Morris
donna.garcia@purple.mat,password,,Donna Garcia
george.lopez@purple.mat,password,,George Lopez
mary.clark@purple.mat,password,,Mary Clark
charles.james@purple.mat,password,,Charles James
lisa.brown@purple.mat,password,,Lisa Brown
john.smith@purple.mat,password,,John Smith
jennifer.wilson@purple.mat,password,,Jennifer Wilson
michael.martinez@purple.mat,password,,Michael Martinez
linda.anderson@purple.mat,password,,Linda Anderson
robert.johnson@purple.mat,password,,Robert Johnson
patricia.miller@purple.mat,password,,Patricia Miller
william.davis@purple.mat,password,,William Davis
elizabeth.sanchez@purple.mat,password,,Elizabeth Sanchez
john.taylor@purple.mat,password,,John Taylor
michael.moore@purple.mat,password,,Michael Moore
jessica.rodriguez@purple.mat,password,,Jessica Rodriguez
daniel.martin@purple.mat,password,,Daniel Martin
maria.miller@purple.mat,password,,Maria Miller
christopher.lopez@purple.mat,password,,Christopher Lopez
laura.clark@purple.mat,password,,Laura Clark
joseph.johnson@purple.mat,password,,Joseph Johnson
julie.thomas@purple.mat,password,,Julie Thomas
robert.smith@purple.mat,password,,Robert Smith
sandra.wilson@purple.mat,password,,Sandra Wilson
anthony.jones@purple.mat,password,,Anthony Jones
susan.rodriguez@purple.mat,password,,Susan Rodriguez
paul.davis@purple.mat,password,,Paul Davis
karen.martinez@purple.mat,password,,Karen Martinez
mark.roberts@purple.mat,password,,Mark Roberts
natalie.smith@purple.mat,password,,Natalie Smith
andrew.miller@purple.mat,password,,Andrew Miller
michelle.jackson@purple.mat,password,,Michelle Jackson
kevin.thomas@purple.mat,password,,Kevin Thomas
amanda.martinez@purple.mat,password,,Amanda Martinez
edward.anderson@purple.mat,password,,Edward Anderson
linda.rodriguez@purple.mat,password,,Linda Rodriguez
brian.jones@purple.mat,password,,Brian Jones
karen.smith@purple.mat,password,,Karen Smith
joseph.moore@purple.mat,password,,Joseph Moore
jessica.johnson@purple.mat,password,,Jessica Johnson
christopher.wilson@purple.mat,password,,Christopher Wilson
cynthia.garcia@purple.mat,password,,Cynthia Garcia
james.miller@purple.mat,password,,James Miller
donna.anderson@purple.mat,password,,Donna Anderson
george.taylor@purple.mat,password,,George Taylor
mary.rodriguez@purple.mat,password,,Mary Rodriguez
charles.martinez@purple.mat,password,,Charles Martinez
lisa.jones@purple.mat,password,,Lisa Jones
john.roberts@purple.mat,password,,John Roberts
jennifer.martinez@purple.mat,password,,Jennifer Martinez
michael.clark@purple.mat,password,,Michael Clark
